airport_id,name,city,iata,icao,latitude,longitude
2501,Comandante Espora Airport,Bahia Blanca,BHI,SAZB,-38.725,-62.1693
2442,Jorge Newbery Airpark,Buenos Aires,AEP,SABE,-34.5592,-58.4156
3988,Ministro Pistarini International Airport,Buenos Aires,EZE,SAEZ,-34.8222,-58.5358
2455,Catamarca Airport,Catamarca,CTC,SANC,-28.5956001282,-65.751701355
2487,General E. Mosconi Airport,Comodoro Rivadavia,CRD,SAVC,-45.7853,-67.4655
2443,Ingeniero Ambrosio Taravella Airport,Cordoba,COR,SACO,-31.323601,-64.208
4061,El Calafate Airport,El Calafate,FTE,SAWC,-50.2803,-72.053101
2488,Brigadier Antonio Parodi Airport,Esquel,EQS,SAVE,-42.908000946,-71.139503479
2470,Formosa Airport,Formosa,FMA,SARF,-26.2127,-58.2281
2471,Cataratas Del Iguazú International Airport,Iguazu Falls,IGR,SARI,-25.737301,-54.4734
2477,Gobernador Horacio Guzman International Airport,Jujuy,JUJ,SASJ,-24.392799,-65.097801
2458,Capitan V A Almonacid Airport,La Rioja,IRJ,SANL,-29.3815994263,-66.7957992554
2508,Ástor Piazzola International Airport,Mar Del Plata,MDQ,SAZM,-37.9342,-57.5733
2452,El Plumerillo Airport,Mendoza,MDZ,SAME,-32.8316993713,-68.7929000854
2509,Presidente Peron Airport,Neuquen,NQN,SAZN,-38.949001,-68.155701
2439,General Urquiza Airport,Parana,PRA,SAAP,-31.7948,-60.4804
2474,Libertador Gral D Jose De San Martin Airport,Posadas,PSS,SARP,-27.3858,-55.9707
2492,El Tehuelche Airport,Puerto Madryn,PMY,SAVY,-42.7592,-65.1027
2469,Resistencia International Airport,Resistencia,RES,SARE,-27.45,-59.0561
2496,Piloto Civil N. Fernández Airport,Rio Gallegos,RGL,SAWG,-51.6089,-69.3126
2495,Hermes Quijada International Airport,Rio Grande,RGA,SAWE,-53.7777,-67.7494
8914,Termas de Río Hondo international Airport,Rio Hondo,RHD,SANR,-27.4966,-64.93595
2440,Islas Malvinas Airport,Rosario,ROS,SAAR,-32.9036,-60.785
2476,Martin Miguel De Guemes International Airport,Salta,SLA,SASA,-24.8560009003,-65.4861984253
2513,San Carlos De Bariloche Airport,San Carlos De Bariloche,BRC,SAZS,-41.151199,-71.157501
2461,Domingo Faustino Sarmiento Airport,San Juan,UAQ,SANU,-31.571501,-68.418198
2467,Brigadier Mayor D Cesar Raul Ojeda Airport,San Luis,LUQ,SAOU,-33.2732009888,-66.3563995361
2517,Aviador C. Campos Airport,San Martin Des Andes,CPC,SAZY,-40.075401,-71.137299
2454,Suboficial Ay Santiago Germano Airport,San Rafael,AFA,SAMR,-34.588299,-68.4039
2441,Sauce Viejo Airport,Santa Fe,SFN,SAAV,-31.7117,-60.8117
2512,Santa Rosa Airport,Santa Rosa,RSA,SAZR,-36.588299,-64.275703
2456,Vicecomodoro Angel D. La Paz Aragonés Airport,Santiago Del Estero,SDE,SANE,-27.7655563354,-64.3099975586
2490,Almirante Marco Andres Zar Airport,Trelew,REL,SAVT,-43.2105,-65.2703
2460,Teniente Benjamin Matienzo Airport,Tucuman,TUC,SANT,-26.8409,-65.104897
2497,Malvinas Argentinas Airport,Ushuaia,USH,SAWH,-54.8433,-68.2958
2491,Gobernador Castello Airport,Viedma,VDM,SAVV,-40.8692,-63.0004
