airline,airline_id,source,source_id,target,target_id,codeshare,stops,equipment
AR,412,AEP,2442,AFA,2454,Y,0,E90
AR,412,AEP,2442,BHI,2501,,0,737
LA,3200,AEP,2442,BHI,2501,Y,0,320
AR,412,AEP,2442,BRC,2513,,0,737
LA,3200,AEP,2442,BRC,2513,,0,320
AR,412,AEP,2442,COR,2443,,0,737
LA,3200,AEP,2442,COR,2443,Y,0,320
AR,412,AEP,2442,CPC,2517,Y,0,E90
AR,412,AEP,2442,CRD,2487,,0,737
LA,3200,AEP,2442,CRD,2487,Y,0,320
AR,412,AEP,2442,CTC,2455,Y,0,E90
AR,412,AEP,2442,EQS,2488,Y,0,E90
AR,412,AEP,2442,FMA,2470,Y,0,E90
AR,412,AEP,2442,FTE,4061,,0,737
AR,412,AEP,2442,IGR,2471,,0,737
LA,3200,AEP,2442,IGR,2471,,0,320
AR,412,AEP,2442,IRJ,2458,Y,0,E90
AR,412,AEP,2442,JUJ,2477,,0,737
AR,412,AEP,2442,LUQ,2467,Y,0,E90
8R,5188,AEP,2442,MDQ,2508,,0,SF3
AR,412,AEP,2442,MDQ,2508,,0,737
AR,412,AEP,2442,MDZ,2452,,0,737
LA,3200,AEP,2442,MDZ,2452,,0,320
AR,412,AEP,2442,NQN,2509,,0,737
LA,3200,AEP,2442,NQN,2509,Y,0,320
OY,3781,AEP,2442,PMY,2492,,0,M82
8R,5188,AEP,2442,PRA,2439,,0,SF3
AR,412,AEP,2442,PRA,2439,Y,0,E90
AR,412,AEP,2442,PSS,2474,,0,737
AR,412,AEP,2442,REL,2490,,0,737
AR,412,AEP,2442,RES,2469,,0,737
AR,412,AEP,2442,RGA,2495,,0,737
AR,412,AEP,2442,RGL,2496,,0,737
LA,3200,AEP,2442,RGL,2496,Y,0,320
AR,412,AEP,2442,RHD,8914,Y,0,E90
8R,5188,AEP,2442,ROS,2440,,0,SF3
AR,412,AEP,2442,ROS,2440,Y,0,E90
AR,412,AEP,2442,RSA,2512,Y,0,E90
AR,412,AEP,2442,SDE,2456,,0,737
8R,5188,AEP,2442,SFN,2441,,0,SF3
AR,412,AEP,2442,SFN,2441,Y,0,E90
AR,412,AEP,2442,SLA,2476,,0,737
LA,3200,AEP,2442,SLA,2476,,0,320
OY,3781,AEP,2442,SLA,2476,,0,M82
AR,412,AEP,2442,TUC,2460,,0,737
LA,3200,AEP,2442,TUC,2460,,0,320
AR,412,AEP,2442,UAQ,2461,,0,737
LA,3200,AEP,2442,UAQ,2461,,0,320
AR,412,AEP,2442,USH,2497,,0,737
LA,3200,AEP,2442,USH,2497,Y,0,320
AR,412,AEP,2442,VDM,2491,Y,0,E90
AR,412,AFA,2454,AEP,2442,Y,0,E90
AR,412,AFA,2454,LUQ,2467,Y,0,E90
AR,412,BHI,2501,AEP,2442,,0,737
LA,3200,BHI,2501,AEP,2442,Y,0,320
8R,5188,BHI,2501,MDQ,2508,,0,SF3
8R,5188,BHI,2501,REL,2490,,0,SF3
AR,412,BRC,2513,AEP,2442,,0,737
LA,3200,BRC,2513,AEP,2442,,0,320
AR,412,BRC,2513,COR,2443,,0,737
8R,5188,BRC,2513,CRD,2487,,0,SF3
8R,5188,BRC,2513,EQS,2488,,0,SF3
AR,412,BRC,2513,EZE,3988,,0,737
AR,412,BRC,2513,MDZ,2452,,0,737
AR,412,COR,2443,AEP,2442,,0,737
LA,3200,COR,2443,AEP,2442,Y,0,320
AR,412,COR,2443,BRC,2513,,0,737
AR,412,COR,2443,EZE,3988,,0,737
AR,412,COR,2443,JUJ,2477,Y,0,E90
8R,5188,COR,2443,MDZ,2452,,0,SF3
AR,412,COR,2443,MDZ,2452,,0,737
8R,5188,COR,2443,ROS,2440,,0,SF3
AR,412,COR,2443,SLA,2476,Y,0,E90
AR,412,CPC,2517,AEP,2442,Y,0,E90
AR,412,CRD,2487,AEP,2442,,0,737
LA,3200,CRD,2487,AEP,2442,Y,0,320
8R,5188,CRD,2487,NQN,2509,,0,SF3
AR,412,CRD,2487,NQN,2509,,0,737
8R,5188,CRD,2487,REL,2490,,0,SF3
8R,5188,CRD,2487,RGL,2496,,0,SF3
AR,412,CTC,2455,AEP,2442,Y,0,E90
AR,412,EQS,2488,AEP,2442,Y,0,E90
8R,5188,EQS,2488,BRC,2513,,0,SF3
8R,5188,EQS,2488,CRD,2487,,0,SF3
AR,412,EZE,3988,BRC,2513,,0,737
AR,412,EZE,3988,COR,2443,,0,737
AR,412,EZE,3988,FTE,4061,,0,737
KL,3090,EZE,3988,FTE,4061,Y,0,737
AR,412,EZE,3988,IGR,2471,,0,737
AR,412,EZE,3988,MDZ,2452,Y,0,E90
AR,412,EZE,3988,REL,2490,,0,737
AR,412,EZE,3988,ROS,2440,Y,0,E90
AR,412,EZE,3988,USH,2497,,0,340
AR,412,FMA,2470,AEP,2442,Y,0,E90
AR,412,FTE,4061,AEP,2442,,0,737
AR,412,FTE,4061,EZE,3988,,0,737
AR,412,FTE,4061,USH,2497,,0,737
KL,3090,FTE,4061,USH,2497,Y,0,737
AR,412,IGR,2471,AEP,2442,,0,737
LA,3200,IGR,2471,AEP,2442,,0,320
AR,412,IGR,2471,EZE,3988,,0,737
AR,412,IGR,2471,SLA,2476,Y,0,E90
AR,412,IRJ,2458,AEP,2442,Y,0,E90
AR,412,JUJ,2477,AEP,2442,,0,737
AR,412,JUJ,2477,COR,2443,Y,0,E90
AR,412,LUQ,2467,AEP,2442,Y,0,E90
8R,5188,MDQ,2508,AEP,2442,,0,SF3
AR,412,MDQ,2508,AEP,2442,,0,737
8R,5188,MDQ,2508,BHI,2501,,0,SF3
AR,412,MDZ,2452,AEP,2442,,0,737
LA,3200,MDZ,2452,AEP,2442,,0,320
AR,412,MDZ,2452,BRC,2513,,0,737
8R,5188,MDZ,2452,COR,2443,,0,SF3
AR,412,MDZ,2452,COR,2443,,0,737
AR,412,MDZ,2452,EZE,3988,Y,0,E90
8R,5188,MDZ,2452,NQN,2509,,0,SF3
AR,412,MDZ,2452,NQN,2509,,0,737
AR,412,MDZ,2452,SLA,2476,Y,0,E90
AR,412,NQN,2509,AEP,2442,,0,737
LA,3200,NQN,2509,AEP,2442,Y,0,320
8R,5188,NQN,2509,CRD,2487,,0,SF3
AR,412,NQN,2509,CRD,2487,,0,737
8R,5188,NQN,2509,MDZ,2452,,0,SF3
AR,412,NQN,2509,MDZ,2452,,0,737
OY,3781,PMY,2492,AEP,2442,,0,M82
8R,5188,PRA,2439,AEP,2442,,0,SF3
AR,412,PRA,2439,AEP,2442,Y,0,E90
AR,412,PSS,2474,AEP,2442,,0,737
AR,412,REL,2490,AEP,2442,,0,737
8R,5188,REL,2490,BHI,2501,,0,SF3
8R,5188,REL,2490,BRC,2513,,0,SF3
8R,5188,REL,2490,CRD,2487,,0,SF3
8R,5188,REL,2490,EQS,2488,,0,SF3
AR,412,REL,2490,EZE,3988,,0,737
AR,412,RES,2469,AEP,2442,,0,737
AR,412,RGA,2495,AEP,2442,,0,737
8R,5188,RGA,2495,RGL,2496,,0,SF3
AR,412,RGL,2496,AEP,2442,,0,737
LA,3200,RGL,2496,AEP,2442,Y,0,320
8R,5188,RGL,2496,CRD,2487,,0,SF3
8R,5188,RGL,2496,RGA,2495,,0,SF3
8R,5188,RGL,2496,USH,2497,,0,SF3
AR,412,RHD,8914,AEP,2442,Y,0,E90
8R,5188,ROS,2440,AEP,2442,,0,SF3
AR,412,ROS,2440,AEP,2442,Y,0,E90
8R,5188,ROS,2440,COR,2443,,0,SF3
AR,412,ROS,2440,EZE,3988,Y,0,E90
AR,412,RSA,2512,AFA,2454,Y,0,E90
AR,412,SDE,2456,AEP,2442,,0,737
8R,5188,SFN,2441,AEP,2442,,0,SF3
AR,412,SFN,2441,AEP,2442,Y,0,E90
AR,412,SLA,2476,AEP,2442,,0,737
LA,3200,SLA,2476,AEP,2442,Y,0,320
OY,3781,SLA,2476,AEP,2442,,0,M82
AR,412,SLA,2476,COR,2443,Y,0,E90
AR,412,SLA,2476,IGR,2471,Y,0,E90
AR,412,SLA,2476,MDZ,2452,Y,0,E90
AR,412,TUC,2460,AEP,2442,,0,737
LA,3200,TUC,2460,AEP,2442,Y,0,320
AR,412,UAQ,2461,AEP,2442,,0,737
LA,3200,UAQ,2461,MDZ,2452,,0,320
AR,412,USH,2497,AEP,2442,,0,737
LA,3200,USH,2497,AEP,2442,Y,0,320
AR,412,USH,2497,EZE,3988,,0,340
AR,412,USH,2497,FTE,4061,,0,737
AR,412,VDM,2491,REL,2490,Y,0,E90
