codigo,provincia,poblacion,varones,mujeres,vivienda_particular,vivienda_colectiva,situacion_calle
02,Ciudad Autónoma de Buenos Aires,3121707,1439873,1681834,3095454,23850,2403
06,Buenos Aires,17523996,8470569,9053427,17408906,113664,1426
10,Catamarca,429562,210464,219098,427625,1909,28
22,Chaco,1129606,547655,581951,1124603,4898,105
26,Chubut,592621,291412,301209,589454,3123,44
14,Córdoba,3840905,1856395,1984510,3812064,28705,136
18,Corrientes,1212696,589009,623687,1209671,2958,67
30,Entre Ríos,1425578,693547,732031,1415097,10315,166
34,Formosa,607419,296810,310609,605507,1912,0
38,Jujuy,811611,393590,418021,809364,2165,82
42,La Pampa,361859,177858,184001,359193,2656,10
46,La Rioja,383865,187348,196517,382453,1398,14
50,Mendoza,2043540,989578,1053962,2030773,12636,131
54,Misiones,1278873,626076,652797,1273347,5452,74
58,Neuquén,710814,349088,361726,708578,2223,13
62,Río Negro,750768,366857,383911,747697,2997,74
66,Salta,1441351,702839,738512,1434225,6872,254
70,San Juan,822853,401201,421652,819445,3357,51
74,San Luis,542069,265327,276742,540548,1517,4
78,Santa Cruz,337226,167133,170093,335677,1462,87
82,Santa Fe,3544908,1710259,1834649,3519059,25450,399
86,Santiago del Estero,1060906,521543,539363,1057752,3099,55
94,"Tierra del Fuego, Antártida e Islas del Atlántico Sur",185732,92340,93392,184958,774,0
90,Tucumán,1731820,840020,891800,1727337,4401,82
